<?xml version="1.0" encoding="UTF-8"?>
<info template_id="3" template_type="P001000" template_group="G0100" create_time="2022-04-07 05:31:34">
	<params count="0" />
	<init><![CDATA[]]></init>
	<run>
		<baseline id="331">
			<item>
				<id>"511"</id>
				<command><![CDATA[file="/etc/login.defs";if [[ -s ${file} ]];then ret=`cat ${file} | grep -v "#" | grep PASS_MAX_DAYS | awk -F ' ' '{print $2}'`;else ret=60;fi;if [[ 0 -ne $ret  &&  90 -ge $ret ]];then echo "PASS_MAX_DAYS ok";else echo "PASS_MAX_DAYS  fail";fi]]></command>
			</item>
		</baseline>
		<baseline id="332">
			<item>
				<id>"512"</id>
				<command><![CDATA[cat /etc/login.defs;if [ $? -ne "0" ];then echo "PASS_MIN_DAYS   100";fi]]></command>
			</item>
		</baseline>
		<baseline id="333">
			<item>
				<id>"513"</id>
				<command><![CDATA[cat /etc/login.defs;if [ $? -ne "0" ];then echo "PASS_MIN_LEN   100";fi]]></command>
			</item>
		</baseline>
		<baseline id="334">
			<item>
				<id>"514"</id>
				<command><![CDATA[cat /etc/shadow | awk 'BEGIN{FS=":";ORS=","}{if($2=="")print $1};' | more]]></command>
			</item>
		</baseline>
		<baseline id="335">
			<item>
				<id>"515"</id>
				<command><![CDATA[cat /etc/login.defs | grep -v "^[[:space:]]*#" | grep -i "^[[:space:]]*umask"]]></command>
			</item>
		</baseline>
		<baseline id="336">
			<item>
				<id>"516"</id>
				<command><![CDATA[if [ -s /etc/gshadow ];then lsattr /etc/gshadow;else echo "----i---------- \etc\gshadow";fi]]></command>
			</item>
			<item>
				<id>"517"</id>
				<command><![CDATA[lsattr /etc/shadow]]></command>
			</item>
			<item>
				<id>"518"</id>
				<command><![CDATA[lsattr /etc/group]]></command>
			</item>
			<item>
				<id>"519"</id>
				<command><![CDATA[lsattr /etc/passwd]]></command>
			</item>
		</baseline>
		<baseline id="337">
			<item>
				<id>"520"</id>
				<command><![CDATA[unset num;unset filename;if [ -s /etc/csh.cshrc ];then filename=/etc/csh.cshrc;fi;function checkusrumask(){ if [ $filename -a -f $filename ];then num=`cat $filename |grep -v "^[[:space:]]*#" |grep umask|wc -l`;if [ $num -gt 0 ];then cat $filename |grep -v "^[[:space:]]*#" |grep umask | while read line;do myvar=`echo $line|awk '{print $2}'`;if [[ "$myvar" != 077 ]];then echo "false-substandered";fi;done;else echo "false-not configured";fi;fi;####};checkusrumask;unset num;####unset filename]]></command>
			</item>
			<item>
				<id>"521"</id>
				<command><![CDATA[unset num;unset filename;if [ -s /etc/csh.login ];then filename=/etc/csh.login;fi;function checkusrumask(){ if [ $filename -a -f $filename ];then num=`cat $filename |grep -v "^[[:space:]]*#" |grep umask|wc -l`;if [ $num -gt 0 ];then cat $filename |grep -v "^[[:space:]]*#" |grep umask | while read line;do myvar=`echo $line|awk '{print $2}'`;if [[ "$myvar" != 077 ]];then echo "false-substandered";fi;done;else echo "false-not configured";fi;fi;####};checkusrumask;unset num;####unset filename]]></command>
			</item>
			<item>
				<id>"522"</id>
				<command><![CDATA[unset num;unset filename;if [ -s /etc/profile ];then filename=/etc/profile;fi;function checkusrumask(){ if [ $filename -a -f $filename ];then num=`cat $filename |grep -v "^[[:space:]]*#" |grep umask|wc -l`;if [ $num -gt 0 ];then cat $filename |grep -v "^[[:space:]]*#" |grep umask | while read line;do myvar=`echo $line|awk '{print $2}'`;if [[ "$myvar" != 077 ]];then echo "false-substandered";fi;done;else echo "false-not configured";fi;fi;####};checkusrumask;unset num;####unset filename]]></command>
			</item>
			<item>
				<id>"523"</id>
				<command><![CDATA[unset num;unset filename;if [ -s /etc/bashrc ];then filename=/etc/bashrc;elif [ -s /etc/bash.bashrc ];then filename=/etc/bash.bashrc;fi;function checkusrumask(){ if [ $filename -a -f $filename ];then num=`cat $filename |grep -v "^[[:space:]]*#" |grep umask|wc -l`;if [ $num -gt 0 ];then cat $filename |grep -v "^[[:space:]]*#" |grep umask | while read line;do myvar=`echo $line|awk '{print $2}'`;if [[ "$myvar" != 077 ]];then echo "false-substandered";fi;done;else echo "false-not configured";fi;fi;####};checkusrumask;unset num;####unset filename]]></command>
			</item>
		</baseline>
		<baseline id="339">
			<item>
				<id>"525"</id>
				<command><![CDATA[if [[ -f /etc/rsyslog.d/50-default.conf ]];then cat /etc/rsyslog.d/50-default.conf| grep -v "^[[:space:]]*#" | grep -E '[[:space:]]*.+@.+';elif [[ -f /etc/rsyslog.conf ]];then cat /etc/rsyslog.conf | grep -v "^[[:space:]]*#" | grep -E '[[:space:]]*.+@.+';fi]]></command>
			</item>
			<item>
				<id>"526"</id>
				<command><![CDATA[if [[ -s /etc/syslog-ng/syslog-ng.conf ]];then ret_1=`cat /etc/syslog-ng/syslog-ng.conf | grep -v "^[[:space:]]*#" | grep "port(514)"`;if [[ -n "$ret_1" ]];then ret_2=`cat /etc/syslog-ng/syslog-ng.conf | grep -v "^[[:space:]]*#" | grep "destination(logserver)"`;fi;fi;if [[ -n "$ret_2" ]];then echo "ret:set";else echo "ret:none";fi]]></command>
			</item>
			<item>
				<id>"527"</id>
				<command><![CDATA[if [[ -f /etc/syslog.conf ]];then cat /etc/syslog.conf | grep -v "^[[:space:]]*#" | grep -E '[[:space:]]*.+@.+';fi]]></command>
			</item>
		</baseline>
		<baseline id="340">
			<item>
				<id>"528"</id>
				<command><![CDATA[unset suse_ret suse_ret2 suse_ret3;if [[ -s /etc/syslog-ng/syslog-ng.conf ]];then suse_ret=`cat /etc/syslog-ng/syslog-ng.conf | grep -v "^[[:space:]]*#" | grep "level(err) or facility(kern) and level(debug) or facility(daemon) and level(notice)"`;if [[ -n "$suse_ret" ]];then suse_ret2=`cat /etc/syslog-ng/syslog-ng.conf | grep -v "^[[:space:]]*#" | grep 'file("/var/adm/msgs")'`;if [[ -n "$suse_ret2" ]];then suse_ret3=`cat /etc/syslog-ng/syslog-ng.conf | grep -v "^[[:space:]]*#" | grep "destination(msgs)"`;fi;fi;fi;if [[ -n "$suse_ret3" ]];then echo "suse:valid";else echo "suse:no value";fi;unset ret;]]></command>
			</item>
			<item>
				<id>"529"</id>
				<command><![CDATA[unset ret;if [[ -s /etc/syslog.conf ]];then ret=`cat /etc/syslog.conf | grep -v "^[[:space:]]*#" | grep "\*\.err;kern\.debug;daemon\.notice[[:space:]]*"|grep "/var/adm/messages"`;fi;if [[ -n "$ret" ]];then echo "red:valid";else echo "red-suse:no value";fi;unset ret;]]></command>
			</item>
			<item>
				<id>"530"</id>
				<command><![CDATA[unset ret;if [[ -f /etc/rsyslog.d/50-default.conf ]];then ret=`cat /etc/rsyslog.d/50-default.conf | grep -v "^[[:space:]]*#" | grep "\*\.err;kern\.debug;daemon\.notice[[:space:]]*"|grep "/var/adm/messages"`;elif [[ -s /etc/rsyslog.conf ]];then ret=`cat /etc/rsyslog.conf | grep -v "^[[:space:]]*#" | grep "\*\.err;kern\.debug;daemon\.notice[[:space:]]*"|grep "/var/adm/messages"`;fi;if [[ -n "$ret" ]];then echo "red-ubuntu:valid";else echo "red-suse-ubuntu:no value";fi;unset ret;]]></command>
			</item>
		</baseline>
		<baseline id="341">
			<item>
				<id>"531"</id>
				<command><![CDATA[wu_status=`rpm -q wu-ftpd 2>/dev/null | grep "^wu-ftpd"`;wu_status2=`netstat -antp|grep -i "listen"|grep -c ":21\>"`;if [[ -n "$wu_status" ]];then if [[ -n "$wu_status2" ]];then if (cat /etc/passwd| grep "^[[:space:]]*[^#]" | grep "^[[:space:]]*ftp");then echo "wu-ftp:invalid";else echo "wu-ftp:valid";fi;else echo "wu-ftpd:valid";fi;else echo "wu-ftpd:valid";fi]]></command>
			</item>
			<item>
				<id>"532"</id>
				<command><![CDATA[unset ret;if (/etc/init.d/vsftpd status 2>/dev/null | grep "running");then if [[ -s /etc/vsftpd.conf ]];then ret=`cat /etc/vsftpd.conf | grep -v "^[[:space:]]*#" | grep "anonymous_enable=NO"`;elif [[ -s /etc/vsftpd/vsftpd.conf ]];####then ret=`cat /etc/vsftpd/vsftpd.conf | grep -v "^[[:space:]]*#" | grep "anonymous_enable=NO"`;fi;else echo "vsftp is not running,result-true";fi;if [[ -n "$ret" ]];then echo "result-true";fi;unset ret;]]></command>
			</item>
		</baseline>
		<baseline id="342">
			<item>
				<id>"533"</id>
				<command><![CDATA[wu_status=`rpm -q wu-ftpd 2>/dev/null | grep "^wu-ftpd"`;wu_status2=`netstat -antp|grep -i "listen"|grep -c ":21\>"`;if [ -n "$wu_status" ];then if [ -n "$wu_status2" ];then if (cat /etc/ftpusers 2>/dev/null | grep "^[[:space:]]*[^#]" | grep "\broot\b");then echo "wu-ftp:valid";else "wu-ftp:invalid";fi;else echo "wu-ftpd:valid";fi;else echo "wu-ftpd:valid";fi]]></command>
			</item>
			<item>
				<id>"534"</id>
				<command><![CDATA[if (/etc/init.d/vsftpd status 2>/dev/null | grep "running");then if (cat /etc/vsftpd/ftpusers 2>/dev/null | grep "^[[:space:]]*[^#]" | grep "\broot\b");then echo "vsftpd valid";elif (cat /etc/ftpusers 2>/dev/null | grep "^[[:space:]]*[^#]" | grep "\broot\b");then echo "vsftpd valid";else echo  "vsftpd invalid";fi;else echo "vsftpd is not running;####vsftpd valid";fi;]]></command>
			</item>
		</baseline>
		<baseline id="344">
			<item>
				<id>"553"</id>
				<command><![CDATA[cat /etc/profile | grep -v "^[[:space:]]*#" | grep "TMOUT[[:space:]]*=[[:space:]]*[0-9]*" | grep -v "export" | sed 's/[^0-9]//g';cat /etc/profile | grep -v "^[[:space:]]*#" | grep "export[[:space:]]*TMOUT[[:space:]]*=[[:space:]]*[0-9]*" | sed 's/[^0-9]//g']]></command>
			</item>
		</baseline>
		<baseline id="345">
			<item>
				<id>"554"</id>
				<command><![CDATA[find / -maxdepth 3 -type f -name .rhosts 2>/dev/null | grep -v -c -i "find[[:space:]]*:"]]></command>
			</item>
			<item>
				<id>"555"</id>
				<command><![CDATA[find / -maxdepth 2 -type f -name hosts.equiv 2>/dev/null| grep -v -c -i "find[[:space:]]*:"]]></command>
			</item>
		</baseline>
		<baseline id="346">
			<item>
				<id>"556"</id>
				<command><![CDATA[(cat /etc/pam.d/su | grep pam_rootok | grep "^[[:space:]]*[^#]";cat /etc/pam.d/su | grep pam_wheel.so | grep "^[[:space:]]*[^#]") | awk '{ORS=","}{print $0""}';echo]]></command>
			</item>
		</baseline>
		<baseline id="348">
			<item>
				<id>"558"</id>
				<command><![CDATA[if [[ -f /etc/inittab ]];then cat /etc/inittab;fi]]></command>
			</item>
			<item>
				<id>"559"</id>
				<command><![CDATA[if [[ -f /etc/init/control-alt-delete.conf ]];then cat /etc/init/control-alt-delete.conf | grep "Control-Alt-Delete" | grep -v "^\s*#"|wc -l;fi]]></command>
			</item>
		</baseline>
		<baseline id="349">
			<item>
				<id>"560"</id>
				<command><![CDATA[cat /etc/security/limits.conf]]></command>
			</item>
			<item>
				<id>"561"</id>
				<command><![CDATA[cat /etc/security/limits.conf]]></command>
			</item>
		</baseline>
		<baseline id="350">
			<item>
				<id>"562"</id>
				<command><![CDATA[if [ -s /etc/pam.d/system-auth ];then red_ret=`cat /etc/pam.d/system-auth | grep -v "^[[:space:]]*#" | grep "[[:space:]]*password[[:space:]]*sufficient[[:space:]]*.*remember.*"`;fi;if [ -s /etc/pam.d/common-password ];then suse_ret=`cat /etc/pam.d/common-password | grep -v "^[[:space:]]*#" | grep "[[:space:]]*password[[:space:]]*sufficient[[:space:]]*.*remember.*"`;fi;if [ -s /etc/pam.d/passwd ];then suse_ret2=`cat /etc/pam.d/passwd | grep -v "^[[:space:]]*#" | grep "[[:space:]]*password[[:space:]]*sufficient[[:space:]]*pam_unix.so[[:space:]]*md5[[:space:]]*shadow[[:space:]]*nullok[[:space:]]*try_first_pass[[:space:]]*use_authtok[[:space:]]*" | grep "remember=5"`;fi;if [ -n "$red_ret" ];then echo "redhat:valid";elif [ -n "$suse_ret" ];####then echo "suse:valid";elif [ -n "$suse_ret2" ];then echo "suse2:valid";else echo "ret:invalid";fi]]></command>
			</item>
		</baseline>
		<baseline id="351">
			<item>
				<id>"563"</id>
				<command><![CDATA[cat /etc/profile | grep -v "^[[:space:]]*#" | grep "HISTFILESIZE" | awk -F= '{print $2}']]></command>
			</item>
			<item>
				<id>"564"</id>
				<command><![CDATA[cat /etc/profile]]></command>
			</item>
		</baseline>
		<baseline id="352">
			<item>
				<id>"565"</id>
				<command><![CDATA[#!/bin/bash####FTPSTATUS=`netstat -antp|grep -i "listen"|grep ":21\>"|wc -l`;function Check_vsftpd(){ if [ -f /etc/vsftpd.conf ];then FTPCONF="/etc/vsftpd.conf";elif [ -f /etc/vsftpd/vsftpd.conf ];then FTPCONF="/etc/vsftpd/vsftpd.conf";fi;echo +++++++++vsftpd.conf+++++++++++++++++;cat $FTPCONF|egrep -v "^[[:space:]]*#|^[[:space:]]*$";echo +++++++++vsftpd.conf end+++++++++++++;ls_recurse_enable=`cat $FTPCONF|grep -v "^[[:space:]]*#"|grep -i "ls_recurse_enable=YES"|wc -l`;local_umask=`cat $FTPCONF|grep -v "^[[:space:]]*#"|grep -i "local_umask=022"|wc -l`;anon_umask=`cat $FTPCONF|grep -v "^[[:space:]]*#"|grep -i "anon_umask=022"|wc -l`;VSFTPD_NO=$(expr $ls_recurse_enable + $local_umask + $anon_umask);if [ $VSFTPD_NO -eq 3 ];then  echo "vsftpd is running.$FTPCONF is recommended.FTP check result:true";else  echo "vsftpd is running.$FTPCONF is not recommended.FTP check result:false";fi;unset FTPCONF VSFTPD_NO ls_recurse_enable local_umask anon_umask;####};function Check_pureftpd(){ echo +++++++++pure-ftpd.conf+++++++++++++++++;cat /etc/pure-ftpd/pure-ftpd.conf|egrep -v "^[[:space:]]*#|^[[:space:]]*$";echo +++++++++pure-ftpd.conf end+++++++++++++;if [ `cat /etc/pure-ftpd/pure-ftpd.conf|grep -v "^[[:space:]]*#"|grep -i "Umask"|grep -i "177:077"|wc -l` == 1 ];then echo "pure-ftpd is running.pure-ftpd.conf is recommended.FTP check result:true";else echo "pure-ftpd is running.pure-ftpd.conf is not recommended.FTP check result:false";fi;####};if [ $FTPSTATUS = 0 ];then echo "FTP is not running.FTP check result:true.";elif ([ `ps -ef|grep vsftpd|grep -v "grep"|wc -l` != 0 ]);then Check_vsftpd;elif ([ `ps -ef|grep pure-ftpd|grep -v "grep"|wc -l` != 0 ]);then Check_pureftpd;else echo "ftp is running,FTP check result:true";fi;unset FTPSTATUS;]]></command>
			</item>
		</baseline>
		<baseline id="353">
			<item>
				<id>"566"</id>
				<command><![CDATA[unset syslogd_status syslogng_status rsyslogd_status LOGDIR;syslogd_status=`ps -ef |grep ' syslogd '|grep -v "grep"|wc -l`;syslogng_status=`ps -ef |grep "/syslog-ng"|grep -v "grep /syslog-ng"|wc -l`;rsyslogd_status=`ps -ef | grep "\/rsyslogd " | grep -v "grep" |wc -l`;if [[ $syslogd_status != 0 ]];then LOGDIR=`if [[ -f /etc/syslog.conf ]];then cat /etc/syslog.conf| grep -v "^[[:space:]]*#" |sed '/^#/d' |sed '/^$/d' |awk '(($2!~/@/) && ($2!~/*/) && ($2!~/-/)) {print $2}';fi`;ls -l $LOGDIR 2>/dev/null | grep  "^-" | cut -b 5-10;elif [[ $rsyslogd_status != 0 ]];then if [[ -f /etc/rsyslog.d/50-default.conf ]];then LOGDIR=`cat /etc/rsyslog.d/50-default.conf | grep -v "^[[:space:]]*#" |sed '/^#/d' |sed '/^$/d' |awk '(($2!~/@/) && ($2!~/*/) && ($2!~/-/)) {print $2}'|grep -v "^|"`;ls -l $LOGDIR 2>/dev/null | grep "^-" | cut -b 5-10;else LOGDIR=`cat /etc/rsyslog.conf | grep -v "^[[:space:]]*#" |sed '/^#/d' |sed '/^$/d' |awk '(($2!~/@/) && ($2!~/*/) && ($2!~/-/)) {print $2}'`;ls -l $LOGDIR 2>/dev/null | grep "^-" | cut -b 5-10;fi;elif [[ $syslogng_status != 0 ]];then LOGDIR=`cat /etc/syslog-ng/syslog-ng.conf|grep -v "^[[:space:]]*#"|grep "^destination"|grep file|cut -d\" -f2`;ls -l $LOGDIR 2>/dev/null | grep "^-" | cut -b 5-10;else echo "syslog is not running.";fi;unset syslogd_status syslogng_status rsyslogd_status LOGDIR;]]></command>
			</item>
		</baseline>
		<baseline id="354">
			<item>
				<id>"567"</id>
				<command><![CDATA[df -k]]></command>
			</item>
		</baseline>
		<baseline id="355">
			<item>
				<id>"568"</id>
				<command><![CDATA[LANG=c;find /usr/bin -type f \( -perm -04000 -o -perm -02000 \) -exec ls -lg {} \;|cat;echo "result="`find /usr/bin -type f \( -perm -04000 -o -perm -02000 \) -exec ls -lg {} \;|wc -l`;]]></command>
			</item>
		</baseline>
		<baseline id="356">
			<item>
				<id>"569"</id>
				<command><![CDATA[if [ -s /etc/lilo.conf ];then cat /etc/lilo.conf | grep -v "^[[:space:]]#" | grep "password";fi]]></command>
			</item>
			<item>
				<id>"570"</id>
				<command><![CDATA[cat /boot/grub/menu.lst]]></command>
			</item>
		</baseline>
		<baseline id="357">
			<item>
				<id>"571"</id>
				<command><![CDATA[up_uidmin=`(grep -v ^# /etc/login.defs |grep "^UID_MIN"|awk '{print $2}')`;up_uidmax=`(grep -v ^# /etc/login.defs |grep "^UID_MAX"|awk '{print $2}')`;echo "UIDMIN="$up_uidmin;echo "UIDMAX="$up_uidmax;egrep -v "oracle|sybase|postgres" /etc/passwd | awk -F: '($3>='$up_uidmin' && $3<='$up_uidmax') {print $1":"$3}';echo "result="`egrep -v "oracle|sybase|postgres" /etc/passwd|awk -F: '($3>='$up_uidmin' && $3<='$up_uidmax') {print $1":"$3}'|wc -l`;unset up_uidmin up_uidmax]]></command>
			</item>
		</baseline>
		<baseline id="358">
			<item>
				<id>"572"</id>
				<command><![CDATA[#!/bin/bash####FTPSTATUS=`netstat -antp|grep -i "listen"|grep ":21\>"|wc -l`;function Check_vsftpd(){ if [ -f /etc/vsftpd.conf ];then FTPCONF="/etc/vsftpd.conf";elif [ -f /etc/vsftpd/vsftpd.conf ];then FTPCONF="/etc/vsftpd/vsftpd.conf";fi;cat $FTPCONF|egrep -v "^[[:space:]]*#|^[[:space:]]*$";if [ `grep -v "^[[:space:]]*#" $FTPCONF|grep -i "chroot_local_user=YES"|wc -l` -eq 1 ];then  echo "vsftpd is running.$FTPCONF is recommended.FTP check result:true.";else  echo "vsftpd is running.$FTPCONF is not recommended.FTP check result:false.";fi;unset FTPCONF;####};function Check_pureftpd(){ cat /etc/pure-ftpd/pure-ftpd.conf|egrep -v "^[[:space:]]*#|^[[:space:]]*$";ChrootEveryone=`cat /etc/pure-ftpd/pure-ftpd.conf|grep -v "^[[:space:]]*#"|grep -i "ChrootEveryone"|grep -i "yes"|wc -l`;AllowUserFXP=`cat /etc/pure-ftpd/pure-ftpd.conf|grep -v "^[[:space:]]*#"|grep -i "AllowUserFXP"|grep -i "no"|wc -l`;AllowAnonymousFXP=`cat /etc/pure-ftpd/pure-ftpd.conf|grep -v "^[[:space:]]*#"|grep -i "AllowAnonymousFXP"|grep -i "no"|wc -l`;PUREFTPD_NO=$(expr $ChrootEveryone + $AllowUserFXP + $AllowAnonymousFXP);if [ $PUREFTPD_NO -eq 3 ];then echo "pure-ftpd is running.pure-ftpd.conf is recommended.FTP check result:true.";else echo "pure-ftpd is running.pure-ftpd.conf is not recommended.FTP check result:false.";fi;unset ChrootEveryone AllowUserFXP AllowAnonymousFXP PUREFTPD_NO;####};if [ $FTPSTATUS = 0 ];then  echo "FTP is not running.FTP check result:true.";elif ([ `ps -ef|grep vsftpd|grep -v "grep"|wc -l` -ne 0 ]);then Check_vsftpd;elif ([ `ps -ef|grep pure-ftpd|grep -v "grep"|wc -l` -ne 0 ]);then Check_pureftpd;else echo "ftp is running,FTP check result:true";fi;unset FTPSTATUS;]]></command>
			</item>
		</baseline>
		<baseline id="361">
			<item>
				<id>"576"</id>
				<command><![CDATA[unset ret;ret=`find /usr/bin/chage /usr/bin/gpasswd /usr/bin/wall /usr/bin/chfn /usr/bin/chsh /usr/bin/newgrp /usr/bin/write /usr/sbin/usernetctl /usr/sbin/traceroute /bin/mount /bin/umount /bin/ping /sbin/netreport -type f -perm +6000 2>/dev/null`;echo $ret;if [ -n "$ret" ];then echo "ret:exist invalid files";else echo "ret:all files valid";fi;unset ret;]]></command>
			</item>
		</baseline>
		<baseline id="362">
			<item>
				<id>"577"</id>
				<command><![CDATA[gconftool-2 -g /apps/gnome-screensaver/mode 2>/dev/null]]></command>
			</item>
			<item>
				<id>"578"</id>
				<command><![CDATA[gconftool-2 -g /apps/gnome-screensaver/idle_activation_enabled 2>/dev/null]]></command>
			</item>
			<item>
				<id>"579"</id>
				<command><![CDATA[gconftool-2 -g /apps/gnome-screensaver/idle_delay 2>/dev/null]]></command>
			</item>
			<item>
				<id>"580"</id>
				<command><![CDATA[gconftool-2 -g /apps/gnome-screensaver/lock_enabled 2>/dev/null]]></command>
			</item>
		</baseline>
		<baseline id="363">
			<item>
				<id>"581"</id>
				<command><![CDATA[cat /etc/hosts.allow | awk '{FS=":";ORS=" "}{if($1~/^[[:space:]]*[^#]/)print $3}']]></command>
			</item>
			<item>
				<id>"582"</id>
				<command><![CDATA[cat /etc/hosts.deny]]></command>
			</item>
		</baseline>
		<baseline id="365">
			<item>
				<id>"585"</id>
				<command><![CDATA[GID_MIN=`grep -v "^[[:space:]]*#" /etc/login.defs | grep "^GID_MIN" | awk '{print $2}'`;GID_MAX=`grep -v "^[[:space:]]*#" /etc/login.defs | grep "^GID_MAX" | awk '{print $2}'`;echo "GID_MIN="$GID_MIN;echo "GID_MAX="$GID_MAX;echo "result:"`egrep -v "oracle|sybase|postgres" /etc/passwd | awk -F: '($4<='$GID_MAX' && $4>='$GID_MIN'){print $4}' | wc -l`;cat /etc/passwd;unset GID_MIN GID_MAX;]]></command>
			</item>
		</baseline>
		<baseline id="368">
			<item>
				<id>"589"</id>
				<command><![CDATA[if [ -s /etc/pam.d/system-auth ];then cat /etc/pam.d/system-auth|grep -v "^[[:space:]]*#";elif [ -s /etc/pam.d/common-password ];then cat /etc/pam.d/common-password|grep -v "^[[:space:]]*#";elif [ -s /etc/pam.d/passwd ];then cat /etc/pam.d/passwd | grep -v "^[[:space:]]*#";fi]]></command>
			</item>
			<item>
				<id>"590"</id>
				<command><![CDATA[if [ -s /etc/pam.d/system-auth ];then cat /etc/pam.d/system-auth|grep -v "^[[:space:]]*#";elif [ -s /etc/pam.d/common-password ];then cat /etc/pam.d/common-password|grep -v "^[[:space:]]*#";elif [ -s /etc/pam.d/passwd ];then cat /etc/pam.d/passwd | grep -v "^[[:space:]]*#";fi]]></command>
			</item>
			<item>
				<id>"591"</id>
				<command><![CDATA[if [ -s /etc/pam.d/system-auth ];then cat /etc/pam.d/system-auth|grep -v "^[[:space:]]*#";elif [ -s /etc/pam.d/common-password ];then cat /etc/pam.d/common-password|grep -v "^[[:space:]]*#";elif [ -s /etc/pam.d/passwd ];then cat /etc/pam.d/passwd | grep -v "^[[:space:]]*#";fi]]></command>
			</item>
			<item>
				<id>"592"</id>
				<command><![CDATA[if [ -s /etc/pam.d/system-auth ];then cat /etc/pam.d/system-auth|grep -v "\s*#";elif [ -s /etc/pam.d/common-password ];then cat /etc/pam.d/common-password|grep -v "\s*#";elif [ -s /etc/pam.d/passwd ];then cat /etc/pam.d/passwd | grep -v "\s*#";fi]]></command>
			</item>
		</baseline>
		<baseline id="369">
			<item>
				<id>"593"</id>
				<command><![CDATA[cat /etc/login.defs]]></command>
			</item>
		</baseline>
		<baseline id="370">
			<item>
				<id>"594"</id>
				<command><![CDATA[cat /etc/passwd | awk 'BEGIN{FS=":";ORS=","}{if($1~/^[[:space:]]*[^#]/)if($1!="root")if($3=="0")print $1}']]></command>
			</item>
		</baseline>
		<baseline id="371">
			<item>
				<id>"595"</id>
				<command><![CDATA[unset get_abs_file;get_abs_file(){ [[ $1 =~ ^/  ]] && a=$1 || a=$(pwd)/$1;while [ -h $a ];do b=$(ls -ld $a|awk '{print $NF}');c=$(ls -ld $a|awk '{print $(NF-2)}');[[ $b =~ ^/ ]] && a=$b  || a=$(dirname $c)/$b;done;echo $a;};if [ -e /etc/rc3.d ] ;then abs_path=$(get_abs_file "/etc/rc3.d");stat -c %a ${abs_path};else echo "750";fi;unset get_abs_file]]></command>
			</item>
			<item>
				<id>"596"</id>
				<command><![CDATA[unset get_abs_file;get_abs_file(){ [[ $1 =~ ^/  ]] && a=$1 || a=$(pwd)/$1;while [ -h $a ];do b=$(ls -ld $a|awk '{print $NF}');c=$(ls -ld $a|awk '{print $(NF-2)}');[[ $b =~ ^/ ]] && a=$b  || a=$(dirname $c)/$b;done;echo $a;};if [ -e /etc/rc3.d ] ;then abs_path=$(get_abs_file "/etc/rc6.d");stat -c %a ${abs_path};else echo "750";fi;unset get_abs_file]]></command>
			</item>
			<item>
				<id>"597"</id>
				<command><![CDATA[unset get_abs_file;get_abs_file(){ [[ $1 =~ ^/  ]] && a=$1 || a=$(pwd)/$1;while [ -h $a ];do b=$(ls -ld $a|awk '{print $NF}');c=$(ls -ld $a|awk '{print $(NF-2)}');[[ $b =~ ^/ ]] && a=$b  || a=$(dirname $c)/$b;done;echo $a;};if [ -e /etc/rc3.d ] ;then abs_path=$(get_abs_file "/etc/rc5.d");stat -c %a ${abs_path};else echo "750";fi;unset get_abs_file]]></command>
			</item>
			<item>
				<id>"598"</id>
				<command><![CDATA[unset get_abs_file;get_abs_file(){ [[ $1 =~ ^/  ]] && a=$1 || a=$(pwd)/$1;while [ -h $a ];do b=$(ls -ld $a|awk '{print $NF}');c=$(ls -ld $a|awk '{print $(NF-2)}');[[ $b =~ ^/ ]] && a=$b  || a=$(dirname $c)/$b;done;echo $a;};if [ -e /etc/rc3.d ] ;then abs_path=$(get_abs_file "/etc/rc1.d");stat -c %a ${abs_path};else echo "750";fi;unset get_abs_file]]></command>
			</item>
			<item>
				<id>"599"</id>
				<command><![CDATA[if [ -e /etc/security ] ;then stat -c %a /etc/security;else echo "600";fi]]></command>
			</item>
			<item>
				<id>"600"</id>
				<command><![CDATA[unset get_abs_file;get_abs_file(){ [[ $1 =~ ^/  ]] && a=$1 || a=$(pwd)/$1;while [ -h $a ];do b=$(ls -ld $a|awk '{print $NF}');c=$(ls -ld $a|awk '{print $(NF-2)}');[[ $b =~ ^/ ]] && a=$b  || a=$(dirname $c)/$b;done;echo $a;};if [ -e /etc/rc3.d ] ;then abs_path=$(get_abs_file "/etc/rc4.d");stat -c %a ${abs_path};else echo "750";fi;unset get_abs_file]]></command>
			</item>
			<item>
				<id>"601"</id>
				<command><![CDATA[if [ -e /etc/passwd ] ;then stat -c %a /etc/passwd;else echo "644";fi]]></command>
			</item>
			<item>
				<id>"602"</id>
				<command><![CDATA[unset get_abs_file;get_abs_file(){ [[ $1 =~ ^/  ]] && a=$1 || a=$(pwd)/$1;while [ -h $a ];do b=$(ls -ld $a|awk '{print $NF}');c=$(ls -ld $a|awk '{print $(NF-2)}');[[ $b =~ ^/ ]] && a=$b  || a=$(dirname $c)/$b;done;echo $a;};if [ -e /etc/rc3.d ] ;then abs_path=$(get_abs_file "/etc/rc0.d");stat -c %a ${abs_path};else echo "750";fi;unset get_abs_file]]></command>
			</item>
			<item>
				<id>"603"</id>
				<command><![CDATA[if [ -e /etc/group ] ;then stat -c %a /etc/group;else echo "644";fi]]></command>
			</item>
			<item>
				<id>"604"</id>
				<command><![CDATA[if [ -e /tmp ] ;then stat -c %a /tmp;else echo "750";fi]]></command>
			</item>
			<item>
				<id>"605"</id>
				<command><![CDATA[unset get_abs_file;get_abs_file(){ [[ $1 =~ ^/  ]] && a=$1 || a=$(pwd)/$1;while [ -h $a ];do b=$(ls -ld $a|awk '{print $NF}');c=$(ls -ld $a|awk '{print $(NF-2)}');[[ $b =~ ^/ ]] && a=$b  || a=$(dirname $c)/$b;done;echo $a;};if [ -e /etc/rc3.d ] ;then abs_path=$(get_abs_file "/etc/rc2.d");stat -c %a ${abs_path};else echo "750";fi;unset get_abs_file]]></command>
			</item>
			<item>
				<id>"606"</id>
				<command><![CDATA[if [ -e /etc/services ] ;then stat -c %a /etc/services;else echo "644";fi]]></command>
			</item>
			<item>
				<id>"607"</id>
				<command><![CDATA[if [ -e /etc/xinetd.conf ] ;then stat -c %a /etc/xinetd.conf;else echo "600";fi]]></command>
			</item>
			<item>
				<id>"608"</id>
				<command><![CDATA[if [ -e /tmp/sangfor_mod_tmp ] ;then stat -c %a /tmp/sangfor_mod_tmp;else echo "600";fi]]></command>
			</item>
			<item>
				<id>"609"</id>
				<command><![CDATA[unset get_abs_file;get_abs_file(){ [[ $1 =~ ^/  ]] && a=$1 || a=$(pwd)/$1;while [ -h $a ];do b=$(ls -ld $a|awk '{print $NF}');c=$(ls -ld $a|awk '{print $(NF-2)}');[[ $b =~ ^/ ]] && a=$b  || a=$(dirname $c)/$b;done;echo $a;};if [ -e /etc/rc3.d ] ;then abs_path=$(get_abs_file "/etc/init.d");stat -c %a ${abs_path};else echo "750";fi;unset get_abs_file]]></command>
			</item>
			<item>
				<id>"610"</id>
				<command><![CDATA[if [ -e /etc/shadow ] ;then stat -c %a /etc/shadow;else echo "600";fi]]></command>
			</item>
		</baseline>
		<baseline id="372">
			<item>
				<id>"611"</id>
				<command><![CDATA[last | grep "logged"]]></command>
			</item>
		</baseline>
		<baseline id="373">
			<item>
				<id>"612"</id>
				<command><![CDATA[if [ -e /var/log/cron ] ;then stat -c %a /var/log/cron;else echo "775";fi]]></command>
			</item>
			<item>
				<id>"613"</id>
				<command><![CDATA[if [ -e /var/log/secure ] ;then stat -c %a /var/log/secure;else echo "775";fi]]></command>
			</item>
			<item>
				<id>"614"</id>
				<command><![CDATA[if [ -e /var/log/maillog ] ;then stat -c %a /var/log/maillog;else echo "775";fi]]></command>
			</item>
			<item>
				<id>"615"</id>
				<command><![CDATA[if [ -e /var/log/localmessages ] ;then stat -c %a /var/log/localmessages;else echo "775";fi]]></command>
			</item>
			<item>
				<id>"616"</id>
				<command><![CDATA[if [ -e /var/log/messages ] ;then stat -c %a /var/log/messages;else echo "775";fi]]></command>
			</item>
			<item>
				<id>"617"</id>
				<command><![CDATA[if [ -e /var/log/spooler ] ;then stat -c %a /var/log/spooler;else echo "775";fi]]></command>
			</item>
			<item>
				<id>"618"</id>
				<command><![CDATA[if [ -e /var/log/boot.log ] ;then stat -c %a /var/log/boot.log;else echo "775";fi]]></command>
			</item>
			<item>
				<id>"619"</id>
				<command><![CDATA[if [ -e /var/log/mail ] ;then stat -c %a /var/log/mail;else echo "775";fi]]></command>
			</item>
		</baseline>
		<baseline id="374">
			<item>
				<id>"620"</id>
				<command><![CDATA[unset red_ret suse_ret suse_ret2 suse_ret3;if [[ -s /etc/syslog.conf ]];then red_ret=`cat /etc/syslog.conf | grep -v "^[[:space:]]*#" | grep "authpriv.\*[[:space:]]*.*"`;fi;if [[ -s /etc/rsyslog.d/50-default.conf ]];then red_ret2=`cat /etc/rsyslog.d/50-default.conf | grep  -v "^[[:space:]]*#" | grep "authpriv.\*[[:space:]]*.*"`;elif [[ -s /etc/rsyslog.conf ]];####then red_ret2=`cat /etc/rsyslog.conf| grep  -v "^[[:space:]]*#" | grep "authpriv.\*[[:space:]]*.*"`;fi;if [[ -s /etc/syslog-ng/syslog-ng.conf ]];then suse_ret=`cat /etc/syslog-ng/syslog-ng.conf | grep -v "^[[:space:]]*#" | grep "facility(authpriv)" | grep "filter" | grep "f_secure" | awk '{print $2}'`;if [[ -n "$suse_ret" ]];then suse_ret2=`cat /etc/syslog-ng/syslog-ng.conf | grep -v "^[[:space:]]*#" | grep "destination" | grep "/var/log/secure"`;####if [[ -n "$suse_ret2" ]];then suse_ret3=`cat /etc/syslog-ng/syslog-ng.conf | grep -v "^[[:space:]]*#" | grep "log" | grep "$suse_ret"`;fi;fi;fi;if [[ -n "$red_ret" ]];then echo "redhat-suse:valid";elif [[ -n "$red_ret2" ]];then echo "red-hat6&ubuntu:valid";elif [[ -n "$suse_ret3" ]];then echo "suse:valid";else echo "ret:no value";fi;unset red_ret suse_ret suse_ret2 suse_ret3;]]></command>
			</item>
		</baseline>
		<baseline id="375">
			<item>
				<id>"621"</id>
				<command><![CDATA[(cat /var/log/pacct 1>/dev/null 2>&1 && echo exist) || echo not exist]]></command>
			</item>
		</baseline>
		<baseline id="376">
			<item>
				<id>"622"</id>
				<command><![CDATA[if [[ -f /etc/rsyslog.d/50-default.conf ]];then cat /etc/rsyslog.d/50-default.conf | grep -v "^[[:space:]]*#" | grep "cron\.\*[[:space:]]*" | grep "/var/log/cron";elif [[ -f /etc/rsyslog.conf ]];then cat /etc/rsyslog.conf | grep -v "^[[:space:]]*#" | grep "cron\.\*[[:space:]]*" | grep "/var/log/cron";fi]]></command>
			</item>
			<item>
				<id>"623"</id>
				<command><![CDATA[if [[ -s /etc/syslog-ng/syslog-ng.conf ]];then a_i=`cat /etc/syslog-ng/syslog-ng.conf | grep -v "^[[:space:]]*#" | grep "filter[[:space:]]*f_cron[[:space:]]*{[[:space:]]*facility(cron);[[:space:]]*};" | wc -l `;else a_i=1;fi;if [[ -s /etc/syslog-ng/syslog-ng.conf ]];then b_i=`cat /etc/syslog-ng/syslog-ng.conf | grep -v "^[[:space:]]*#" | grep "destination[[:space:]]*cron[[:space:]]*{[[:space:]]*file(\"/var/log/cron\")[[:space:]]*;[[:space:]]*};" | wc -l`;else b_i=1;fi;if [[ -s /etc/syslog-ng/syslog-ng.conf ]];then c_i=`cat /etc/syslog-ng/syslog-ng.conf | grep -v "^[[:space:]]*#" | grep "log[[:space:]]*{[[:space:]]*source(src);[[:space:]]*filter(f_cron);[[:space:]]*destination(cron);[[:space:]]*};" | wc -l`;else c_i=1;fi;if [[ "$a_i" -ge 1 && "$b_i" -ge 1 && "$c_i" -ge 1 ]];then echo "result:true";else echo "result:false";fi]]></command>
			</item>
			<item>
				<id>"624"</id>
				<command><![CDATA[if [[ -f /etc/syslog.conf ]];then cat /etc/syslog.conf | grep -v "^[[:space:]]*#" | grep "cron\.\*[[:space:]]*" | grep "/var/log/cron";fi]]></command>
			</item>
		</baseline>
		<baseline id="377">
			<item>
				<id>"625"</id>
				<command><![CDATA[cat /etc/ssh/sshd_config]]></command>
			</item>
			<item>
				<id>"626"</id>
				<command><![CDATA[cat /etc/pam.d/login 2>/dev/null | grep -v "^[[:space:]]*#" | grep "^[[:space:]]*auth"]]></command>
			</item>
		</baseline>
		<baseline id="378">
			<item>
				<id>"627"</id>
				<command><![CDATA[ps -ef | grep ssh]]></command>
			</item>
			<item>
				<id>"628"</id>
				<command><![CDATA[netstat -an | grep ":23\b"]]></command>
			</item>
		</baseline>
		<baseline id="379">
			<item>
				<id>"629"</id>
				<command><![CDATA[unset ret_1 ret_2;if [ -f /etc/ssh/sshd_config ];then ret_1=`cat /etc/ssh/sshd_config | grep -v "^[[:space:]]*#" | grep "Protocol" | grep "1"`;if [ -z "$ret_1" ];then ret_2=`cat /etc/ssh/sshd_config | grep -v "^[[:space:]]*#" | grep "PermitRootLogin" | grep -E "no|NO"`;if [ -n "$ret_2" ];then echo "ret:valid";else echo "ret:PermitRootLogin invalid";fi;else echo "ret:Protocol invalid";fi;elif [ -f /etc/ssh2/sshd2_config ];then ret_1=`cat /etc/ssh/sshd_config | grep -v "^[[:space:]]*#" | grep "Protocol" | grep "1"`;if [ -z "$ret_1" ];then ret_2=`cat /etc/ssh/sshd_config | grep -v "^[[:space:]]*#" | grep "PermitRootLogin" | grep -E "no|NO"`;if [ -n "$ret_2" ];then echo "ret:valid";else echo "ret:PermitRootLogin invalid";fi;else echo "ret:Protocol invalid";fi;else echo "ret:valid";fi;unset ret_1 ret_2]]></command>
			</item>
		</baseline>
		<baseline id="380">
			<item>
				<id>"630"</id>
				<command><![CDATA[if [ -f /etc/snmp/snmpd.conf ];then echo "yes";else echo "no";fi]]></command>
			</item>
			<item>
				<id>"631"</id>
				<command><![CDATA[cat /etc/snmp/snmpd.conf  2>/dev/null | grep -v "^[[:space:]]*#" | grep -c "[[:space:]]*private[[:space:]]*"]]></command>
			</item>
			<item>
				<id>"632"</id>
				<command><![CDATA[cat /etc/snmp/snmpd.conf 2>/dev/null | grep -v "^[[:space:]]*#" | grep -c "[[:space:]]*public[[:space:]]*"]]></command>
			</item>
			<item>
				<id>"633"</id>
				<command><![CDATA[if [ -f /etc/snmp/snmpd.conf ];then echo "yes";else echo "no";fi]]></command>
			</item>
		</baseline>
		<baseline id="381">
			<item>
				<id>"634"</id>
				<command><![CDATA[find / -maxdepth 3 -name .rhosts 2>/dev/null]]></command>
			</item>
			<item>
				<id>"635"</id>
				<command><![CDATA[find / -maxdepth 3 -name hosts.equiv 2>/dev/null]]></command>
			</item>
			<item>
				<id>"636"</id>
				<command><![CDATA[find / -maxdepth 3 -name .netrc 2>/dev/null]]></command>
			</item>
		</baseline>
		<baseline id="382">
			<item>
				<id>"637"</id>
				<command><![CDATA[if [ -e /etc/group ] ;then stat -c %a /etc/group;else echo "644";fi]]></command>
			</item>
			<item>
				<id>"638"</id>
				<command><![CDATA[if [ -e /etc/shadow ] ;then stat -c %a /etc/shadow;else echo "600";fi]]></command>
			</item>
			<item>
				<id>"639"</id>
				<command><![CDATA[if [ -e /etc/passwd ] ;then stat -c %a /etc/passwd;else echo "644";fi]]></command>
			</item>
		</baseline>
		<baseline id="387">
			<item>
				<id>"648"</id>
				<command><![CDATA[cat /etc/shadow | awk '{FS=":";ORS=" "}{if($1~/\s*[^#]/)if($1=="daemon"||$1=="bin"||$1=="sys"||$1=="adm"||$1=="lp"||$1=="uucp"||$1=="nuucp"||$1=="smmsp"){if(!match($2,"!!")&&$2!="!"&&$2!="!*"&&$2!="*"&&$2!="x")flag++}};END{if(flag==0)print "ok";else print "no"}';echo]]></command>
			</item>
		</baseline>
		<baseline id="388">
			<item>
				<id>"649"</id>
				<command><![CDATA[awk -F: '{if($1=="adm"||$1=="lp"||$1=="mail"||$1=="uucp"||$1=="operator"||$1=="games"||$1=="gopher"||$1=="ftp"||$1=="nobody"||$1=="nobody4"||$1=="noaccess"||$1=="listen"||$1=="webservd"||$1=="rpm"||$1=="dbus"||$1=="avahi"||$1=="mailnull"||$1=="smmsp"||$1=="nscd"||$1=="vcsa"||$1=="rpc"||$1=="rpcuser"||$1=="nfsnobody"||$1=="sshd"||$1=="pcap"||$1=="ntp"||$1=="haldaemon"||$1=="distcache"||$1=="apache"||$1=="webalizer"||$1=="squid"||$1=="xfs"||$1=="gdm"||$1=="sabayon"||$1=="named"){if($2!="*"&&$2!~/!/)flag++}};END{if(flag==0)print "ok";else print "no"}' /etc/shadow]]></command>
			</item>
		</baseline>
		<baseline id="389">
			<item>
				<id>"650"</id>
				<command><![CDATA[cat /etc/issue | grep -ci "ubuntu"]]></command>
			</item>
			<item>
				<id>"651"</id>
				<command><![CDATA[if [[ -f /etc/mail/aliases ]];then awk -F: '{if($1~/^[[:space:]]*[^#]/)if($1=="games"||$1=="ingres"||$1=="system"||$1=="toor"||$1=="uucp"||$1=="manager"||$1=="dumper"||$1=="operator"||$1=="decode"||$1=="root")flag++};END{if(flag==0)print"ok";else print"no"}' /etc/mail/aliases;fi]]></command>
			</item>
			<item>
				<id>"652"</id>
				<command><![CDATA[if [[ -f /etc/aliases ]];then awk -F: '{if($1~/^[[:space:]]*[^#]/)if($1=="games"||$1=="ingres"||$1=="system"||$1=="toor"||$1=="uucp"||$1=="manager"||$1=="dumper"||$1=="operator"||$1=="decode"||$1=="root")flag++};END{if(flag==0)print"ok";else print"no"}' /etc/aliases 2>/dev/null;fi]]></command>
			</item>
		</baseline>
		<baseline id="390">
			<item>
				<id>"653"</id>
				<command><![CDATA[if [ -s /etc/pam.d/sshd ];then ret1=`cat /etc/pam.d/sshd  | grep -v "^[[:space:]]*#" | grep "auth[[:space:]]*required[[:space:]]*pam_tally[0-9]*.so[[:space:]]*deny=5[[:space:]]*unlock_time=[0-9]*"`;fi;if [ -s /etc/pam.d/sshd ];then ret2=`cat /etc/pam.d/sshd  | grep -v "^[[:space:]]*#" | grep "account[[:space:]]*required[[:space:]]*pam_tally[0-9]*.so"`;fi;if [[ -n "$ret1" && -n "$ret2" ]];then echo "result:valid";else echo "result:invalue";fi]]></command>
			</item>
			<item>
				<id>"654"</id>
				<command><![CDATA[if [ -s /etc/pam.d/system-auth ];then red_ret=`cat /etc/pam.d/system-auth | grep -v "^[[:space:]]*#" | grep "auth[[:space:]]*required[[:space:]]*pam_tally[0-9]*.so[[:space:]]*deny=[0-9]*[[:space:]]*unlock_time=[0-9]*"`;fi;if [ -s /etc/pam.d/system-auth ];then red_ret2=`cat /etc/pam.d/system-auth | grep -v "^[[:space:]]*#" | grep "account[[:space:]]*required[[:space:]]*pam_tally[0-9]*.so"`;fi;if [ -s /etc/pam.d/common-auth ];then suse_ret=`cat /etc/pam.d/common-auth | grep -v "^[[:space:]]*#" | grep "auth[[:space:]]*required[[:space:]]*pam_tally.so[[:space:]]*deny=5[[:space:]]*unlock_time=[0-9]*"`;fi;if [ -s /etc/pam.d/common-account ];then suse_ret2=`cat /etc/pam.d/common-account | grep -v "^[[:space:]]*#" | grep "account[[:space:]]*required[[:space:]]*pam_tally.so"`;fi;if [ -s /etc/pam.d/passwd ];then suse_ret3=`cat /etc/pam.d/passwd | grep -v "^[[:space:]]*#" | grep "auth[[:space:]]*required[[:space:]]*pam_tally.so[[:space:]]*deny=5[[:space:]]*unlock_time=[0-9]*"`;fi;if [ -s /etc/pam.d/passwd ];then suse_ret4=`cat /etc/pam.d/passwd | grep -v "^[[:space:]]*#" | grep "account[[:space:]]*required[[:space:]]*pam_tally.so"`;fi;if [[ -n "$red_ret" && -n "$red_ret2" ]];then echo "redhat:valid";elif [[ -n "$suse_ret" && -n "$suse_ret2" ]];then echo "suse:valid";elif [[ -n "$suse_ret3" && -n "suse_ret4" ]];then echo "suse2:valid";else echo "ret:not value";fi]]></command>
			</item>
		</baseline>
		<baseline id="392">
			<item>
				<id>"673"</id>
				<command><![CDATA[unset status count;if [[ -f /etc/cron.allow ]];then status=$(grep -ci "root" /etc/cron.allow);count=$(grep -cvi "root" /etc/cron.allow);fi;if [[ $status -ge 1 && $count == 0 ]];then echo "true";else echo "false";fi;unset status count;if [[ -f /etc/cron.allow ]];then status=$(grep -ci "root" /etc/cron.allow);count=$(grep -cvi "root" /etc/cron.allow);else echo "false";fi;if [[ $status -ge 1 && $count == 0 ]];then echo "true";else echo "false";fi;unset status count;]]></command>
			</item>
			<item>
				<id>"674"</id>
				<command><![CDATA[unset status count;if [[ -f /etc/at.allow ]];then status=$(grep -ci "root" /etc/at.allow);count=$(grep -cvi "root" /etc/at.allow);fi;if [[ $status -ge 1 && $count == 0 ]];then echo "true";else echo "false";fi;unset status count;]]></command>
			</item>
		</baseline>
		<baseline id="763">
			<item>
				<id>"1281"</id>
				<command><![CDATA[ps -ef|grep syslogd |grep -v grep]]></command>
			</item>
			<item>
				<id>"1282"</id>
				<command><![CDATA[ps -ef|grep auditd |grep -v grep]]></command>
			</item>
		</baseline>
		<baseline id="764">
			<item>
				<id>"1283"</id>
				<command><![CDATA[service sshd status]]></command>
			</item>
		</baseline>
	</run>
	<destory><![CDATA[rm -f /tmp/SF_sxf_tm_sangfor_grub_tmp]]></destory>
</info>
